id,v_type,x,y,lyr,ei,li,chg_power,set_physical,s_t,Li
1,bus stop,-9.92171,-0.12831,1,226.56769945736423,247.54513297157615,0.0,1.0,0.5,17.932300542635776
2,bus stop,-9.92171,1.27169,1,226.42251356838906,247.44834237892604,0.0,2.0,0.5,18.077486431610943
3,bus stop,-9.92171,2.67169,1,225.93049144632846,247.12032763088564,0.0,3.0,0.5,18.569508553671533
4,bus stop,-9.92171,4.07169,1,225.1180290096486,246.5786860064324,0.0,4.0,0.5,19.381970990351398
5,bus stop,-8.52171,-5.72831,1,225.9432632459297,247.12884216395312,0.0,5.0,0.5,18.5567367540703
6,bus stop,-8.52171,-4.32831,1,227.22665305538717,247.98443537025813,0.0,6.0,0.5,17.273346944612822
7,bus stop,-8.52171,-2.92831,1,228.21541926593727,248.64361284395818,0.0,7.0,0.5,16.28458073406272
8,bus stop,-8.52171,-1.52831,1,228.85360603827232,249.06907069218153,0.0,8.0,0.5,15.64639396172769
9,bus stop,-8.52171,1.27169,1,228.92878133970328,249.11918755980219,0.0,9.0,0.5,15.571218660296733
10,bus stop,-8.52171,2.67169,1,228.36017401560426,248.74011601040286,0.0,10.0,0.5,16.139825984395735
11,bus stop,-8.52171,4.07169,1,227.43166281231476,248.12110854154318,0.0,11.0,0.5,17.06833718768523
12,bus stop,-7.12171,-7.12831,1,226.28984303349534,247.35989535566355,0.0,12.0,0.5,18.210156966504655
13,bus stop,-7.12171,-5.72831,1,227.98265054109166,248.48843369406111,0.0,13.0,0.5,16.51734945890833
14,bus stop,-7.12171,-4.32831,1,229.4388291007372,249.45921940049146,0.0,14.0,0.5,15.061170899262805
15,bus stop,-7.12171,-2.92831,1,230.58389695812645,250.2225979720843,0.0,15.0,0.5,13.916103041873555
16,bus stop,-7.12171,-0.12831,1,231.62735101772185,250.91823401181458,0.0,16.0,0.5,12.872648982278141
17,bus stop,-7.12171,1.27169,1,231.4258573988728,250.78390493258186,0.0,17.0,0.5,13.074142601127189
18,bus stop,-7.12171,2.67169,1,230.75357002729757,250.33571335153172,0.0,18.0,0.5,13.746429972702419
19,bus stop,-7.12171,4.07169,1,229.67439753195998,249.61626502130665,0.0,19.0,0.5,14.825602468040016
20,bus stop,-7.12171,5.47169,1,228.26929886319024,248.67953257546017,0.0,20.0,0.5,16.23070113680975
21,bus stop,-7.12171,6.87169,1,226.61492662719382,247.57661775146255,0.0,21.0,0.5,17.885073372806175
22,bus stop,-5.72171,-7.12831,1,227.9808235605187,248.48721570701247,0.0,22.0,0.5,16.519176439481296
23,bus stop,-5.72171,-5.72831,1,229.86797325584473,249.74531550389648,0.0,23.0,0.5,14.632026744155272
24,bus stop,-5.72171,-4.32831,1,231.53418948346163,250.85612632230777,0.0,24.0,0.5,12.965810516538356
25,bus stop,-5.72171,-2.92831,1,232.88400682825534,251.75600455217022,0.0,25.0,0.5,11.615993171744648
26,bus stop,-5.72171,-1.52831,1,233.79703911586142,252.36469274390763,0.0,26.0,0.5,10.702960884138566
27,bus stop,-5.72171,-0.12831,1,234.15696053788238,252.60464035858826,0.0,27.0,0.5,10.34303946211762
28,bus stop,-5.72171,2.67169,1,233.08782621546678,251.89188414364452,0.0,28.0,0.5,11.41217378453322
29,bus stop,-5.72171,4.07169,1,231.80859101461425,251.0390606764095,0.0,29.0,0.5,12.691408985385747
30,bus stop,-5.72171,5.47169,1,230.19234355715747,249.96156237143833,0.0,30.0,0.5,14.307656442842521
31,bus stop,-5.72171,6.87169,1,228.33988790123544,248.72659193415697,0.0,31.0,0.5,16.16011209876455
32,bus stop,-4.32171,-8.52831,1,227.22141250153794,247.98094166769198,0.0,32.0,0.5,17.278587498462045
33,bus stop,-4.32171,-7.12831,1,229.4348221703549,249.45654811356994,0.0,33.0,0.5,15.065177829645094
34,bus stop,-4.32171,-5.72831,1,231.5318621444021,250.85457476293473,0.0,34.0,0.5,12.968137855597899
35,bus stop,-4.32171,-4.32831,1,233.44610316897734,252.1307354459849,0.0,35.0,0.5,11.053896831022657
36,bus stop,-4.32171,-2.92831,1,235.06561129875737,253.21040753250492,0.0,36.0,0.5,9.434388701242622
37,bus stop,-4.32171,-1.52831,1,236.2156916711462,253.97712778076414,0.0,37.0,0.5,8.284308328853793
38,bus stop,-4.32171,-0.12831,1,236.68623918237586,254.2908261215839,0.0,38.0,0.5,7.8137608176241535
39,bus stop,-4.32171,1.27169,1,236.35856455846385,254.07237637230924,0.0,39.0,0.5,8.141435441536146
40,bus stop,-4.32171,2.67169,1,235.31772885999857,253.3784859066657,0.0,40.0,0.5,9.182271140001443
41,bus stop,-4.32171,4.07169,1,233.76928451432775,252.3461896762185,0.0,41.0,0.5,10.73071548567225
42,bus stop,-4.32171,5.47169,1,231.89899108457863,251.09932738971906,0.0,42.0,0.5,12.601008915421387
43,bus stop,-4.32171,6.87169,1,229.82943028220265,249.7196201881351,0.0,43.0,0.5,14.670569717797349
44,bus stop,-4.32171,8.27169,1,227.63379635753452,248.25586423835634,0.0,44.0,0.5,16.866203642465486
45,bus stop,-2.92171,-8.52831,1,228.20800816203663,248.63867210802442,0.0,45.0,0.5,16.291991837963376
46,bus stop,-2.92171,-5.72831,1,232.87881195625647,251.752541304171,0.0,46.0,0.5,11.621188043743533
47,bus stop,-2.92171,-4.32831,1,235.06241305962433,253.2082753730829,0.0,47.0,0.5,9.437586940375654
48,bus stop,-2.92171,-2.92831,1,237.02423232889151,254.51615488592768,0.0,48.0,0.5,7.475767671108484
49,bus stop,-2.92171,-1.52831,1,238.54104232321015,255.52736154880677,0.0,49.0,0.5,5.95895767678985
50,bus stop,-2.92171,-0.12831,1,239.21471190744583,255.97647460496387,0.0,50.0,0.5,5.285288092554163
51,bus stop,-2.92171,1.27169,1,238.74132105818035,255.66088070545356,0.0,51.0,0.5,5.758678941819658
52,bus stop,-2.92171,2.67169,1,237.34503561191534,254.73002374127688,0.0,52.0,0.5,7.1549643880846645
53,bus stop,-2.92171,4.07169,1,235.4430873394571,253.46205822630472,0.0,53.0,0.5,9.056912660542917
54,bus stop,-2.92171,5.47169,1,233.28996709225234,252.0266447281682,0.0,54.0,0.5,11.210032907747667
55,bus stop,-2.92171,6.87169,1,231.0053704033416,250.5035802688944,0.0,55.0,0.5,13.4946295966584
56,bus stop,-2.92171,8.27169,1,228.64603401620363,248.93068934413574,0.0,56.0,0.5,15.853965983796368
57,bus stop,-2.92171,9.67169,1,226.24090730113141,247.3272715340876,0.0,57.0,0.5,18.259092698868585
58,bus stop,-1.52171,-9.92831,1,226.34774251862922,247.3984950124195,0.0,58.0,0.5,18.152257481370775
59,bus stop,-1.52171,-7.12831,1,231.32724681179053,250.7181645411937,0.0,59.0,0.5,13.172753188209477
60,bus stop,-1.52171,-5.72831,1,233.7885835222206,252.35905568148038,0.0,60.0,0.5,10.711416477779407
61,bus stop,-1.52171,-2.92831,1,238.53598007340793,255.5239867156053,0.0,61.0,0.5,5.964019926592075
62,bus stop,-1.52171,-0.12831,1,241.74016275231827,257.6601085015455,0.0,62.0,0.5,2.7598372476817166
63,bus stop,-1.52171,1.27169,1,240.91603368216806,257.1106891214454,0.0,63.0,0.5,3.583966317831928
64,bus stop,-1.52171,2.67169,1,238.94338711019418,255.79559140679612,0.0,64.0,0.5,5.556612889805834
65,bus stop,-1.52171,4.07169,1,236.64442246851962,254.26294831234642,0.0,65.0,0.5,7.855577531480366
66,bus stop,-1.52171,5.47169,1,234.2361182194463,252.65741214629753,0.0,66.0,0.5,10.2638817805537
67,bus stop,-1.52171,6.87169,1,231.78043006374014,251.0202867091601,0.0,67.0,0.5,12.719569936259852
68,bus stop,-1.52171,8.27169,1,229.30030694955425,249.36687129970284,0.0,68.0,0.5,15.199693050445752
69,bus stop,-1.52171,9.67169,1,226.80602086589136,247.70401391059423,0.0,69.0,0.5,17.69397913410866
70,bus stop,-0.12171,-9.92831,1,226.55592291622335,247.5372819441489,0.0,70.0,0.5,17.94407708377664
71,bus stop,-0.12171,-8.52831,1,229.08582210498403,249.22388140332268,0.0,71.0,0.5,15.414177895015964
72,bus stop,-0.12171,-7.12831,1,231.61563438596917,250.91042292397947,0.0,72.0,0.5,12.884365614030816
73,bus stop,-0.12171,-5.72831,1,234.14529606029313,252.5968640401954,0.0,73.0,0.5,10.354703939706871
74,bus stop,-0.12171,-4.32831,1,236.6746610688046,254.28310737920307,0.0,74.0,0.5,7.825338931195406
75,bus stop,-0.12171,-2.92831,1,239.2033043882696,255.96886959217971,0.0,75.0,0.5,5.2966956117304065
76,bus stop,-0.12171,-1.52831,1,241.72924942935924,257.6528329529062,0.0,76.0,0.5,2.770750570640752
77,bus stop,-0.12171,5.47169,1,234.608957591653,252.90597172776867,0.0,77.0,0.5,9.891042408347008
78,bus stop,-0.12171,6.87169,1,232.0793353607006,251.21955690713375,0.0,78.0,0.5,12.420664639299389
79,bus stop,-0.12171,8.27169,1,229.5495445037181,249.5330296691454,0.0,79.0,0.5,14.950455496281897
80,bus stop,1.27829,-8.52831,1,228.9152205596654,249.11014703977693,0.0,80.0,0.5,15.58477944033459
81,bus stop,1.27829,-7.12831,1,231.41201515508607,250.77467677005737,0.0,81.0,0.5,13.087984844913933
82,bus stop,1.27829,-5.72831,1,233.8930040207579,252.42866934717193,0.0,82.0,0.5,10.606995979242097
83,bus stop,1.27829,-4.32831,1,236.34375089806844,254.0625005987123,0.0,83.0,0.5,8.156249101931566
84,bus stop,1.27829,-2.92831,1,238.7256208621185,255.65041390807897,0.0,84.0,0.5,5.774379137881506
85,bus stop,1.27829,-1.52831,1,240.8992322000186,257.09948813334574,0.0,85.0,0.5,3.6007677999814254
86,bus stop,1.27829,-0.12831,1,242.17822861226495,257.95215240817663,0.0,86.0,0.5,2.3217713877350654
87,bus stop,1.27829,2.67169,1,239.1474428961131,255.93162859740875,0.0,87.0,0.5,5.3525571038869035
88,bus stop,1.27829,4.07169,1,236.78741164742257,254.35827443161506,0.0,88.0,0.5,7.712588352577426
89,bus stop,1.27829,5.47169,1,234.34513958991084,252.73009305994057,0.0,89.0,0.5,10.154860410089151
90,bus stop,1.27829,6.87169,1,231.86823923173736,251.07882615449157,0.0,90.0,0.5,12.631760768262644
91,bus stop,1.27829,8.27169,1,229.37371196985254,249.41580797990167,0.0,91.0,0.5,15.126288030147471
92,bus stop,1.27829,9.67169,1,226.86903807668207,247.74602538445473,0.0,92.0,0.5,17.630961923317923
93,bus stop,2.67829,-8.52831,1,228.34522239290516,248.73014826193676,0.0,93.0,0.5,16.154777607094843
94,bus stop,2.67829,-7.12831,1,230.73821099451405,250.3254739963427,0.0,94.0,0.5,13.761789005485953
95,bus stop,2.67829,-5.72831,1,233.07197072831562,251.88131381887706,0.0,95.0,0.5,11.428029271684391
96,bus stop,2.67829,-4.32831,1,235.3013104877066,253.36754032513772,0.0,96.0,0.5,9.198689512293408
97,bus stop,2.67829,-2.92831,1,237.3281840682559,254.71878937883727,0.0,97.0,0.5,7.171815931744095
98,bus stop,2.67829,-1.52831,1,238.92711761471676,255.78474507647786,0.0,98.0,0.5,5.57288238528325
99,bus stop,2.67829,-0.12831,1,239.65416553030104,256.26944368686736,0.0,99.0,0.5,4.845834469698945
100,bus stop,2.67829,1.27169,1,239.14180770768866,255.9278718051258,0.0,100.0,0.5,5.358192292311355
101,bus stop,2.67829,2.67169,1,237.6632349110718,254.9421566073812,0.0,101.0,0.5,6.836765088928198
102,bus stop,2.67829,4.07169,1,235.6923040227804,253.6282026818536,0.0,102.0,0.5,8.807695977219595
103,bus stop,2.67829,5.47169,1,233.49033700428512,252.16022466952342,0.0,103.0,0.5,11.009662995714866
104,bus stop,2.67829,6.87169,1,231.17135155248528,250.6142343683235,0.0,104.0,0.5,13.32864844751472
105,bus stop,2.67829,8.27169,1,228.7870728728922,249.02471524859482,0.0,105.0,0.5,15.712927127107791
106,bus stop,4.07829,-8.52831,1,227.41575731348766,248.11050487565845,0.0,106.0,0.5,17.08424268651234
107,bus stop,4.07829,-7.12831,1,229.65812190898768,249.6054146059918,0.0,107.0,0.5,14.84187809101232
108,bus stop,4.07829,-5.72831,1,231.7919568118678,251.0279712079119,0.0,108.0,0.5,12.708043188132182
109,bus stop,4.07829,-4.32831,1,233.75242365086277,252.33494910057516,0.0,109.0,0.5,10.747576349137242
110,bus stop,4.07829,-2.92831,1,235.42644213134804,253.4509614208987,0.0,110.0,0.5,9.073557868651958
111,bus stop,4.07829,-1.52831,1,236.62907078438906,254.25271385625936,0.0,111.0,0.5,7.870929215610937
112,bus stop,4.07829,-0.12831,1,237.1259495292831,254.5839663528554,0.0,112.0,0.5,7.374050470716886
113,bus stop,4.07829,1.27169,1,236.7795898244755,254.35305988298367,0.0,113.0,0.5,7.7204101755245045
114,bus stop,4.07829,2.67169,1,235.6888783053379,253.62591887022526,0.0,114.0,0.5,8.811121694662086
115,bus stop,4.07829,4.07169,1,234.08510599842285,252.5567373322819,0.0,115.0,0.5,10.414894001577151
116,bus stop,4.07829,5.47169,1,232.16682571613575,251.27788381075715,0.0,116.0,0.5,12.333174283864263
117,bus stop,4.07829,6.87169,1,230.0588304464495,249.87255363096634,0.0,117.0,0.5,14.4411695535505
118,bus stop,4.07829,8.27169,1,227.83294904493428,248.38863269662284,0.0,118.0,0.5,16.66705095506573
119,bus stop,5.47829,-8.52831,1,226.18146086297415,247.2876405753161,0.0,119.0,0.5,18.31853913702586
120,bus stop,5.47829,-7.12831,1,228.2525733357073,248.66838222380488,0.0,120.0,0.5,16.247426664292693
121,bus stop,5.47829,-5.72831,1,230.17547942810893,249.9503196187393,0.0,121.0,0.5,14.324520571891068
122,bus stop,5.47829,-4.32831,1,231.88223770537613,251.08815847025076,0.0,122.0,0.5,12.617762294623873
123,bus stop,5.47829,-2.92831,1,233.27382610419411,252.01588406946274,0.0,123.0,0.5,11.22617389580589
124,bus stop,5.47829,-1.52831,1,234.22142740161576,252.64761826774384,0.0,124.0,0.5,10.278572598384248
125,bus stop,5.47829,-0.12831,1,234.59676071743303,252.89784047828869,0.0,125.0,0.5,9.903239282566975
126,bus stop,5.47829,1.27169,1,234.33622800228972,252.72415200152648,0.0,126.0,0.5,10.163771997710299
127,bus stop,5.47829,2.67169,1,233.48485617609816,252.15657078406545,0.0,127.0,0.5,11.015143823901829
128,bus stop,5.47829,4.07169,1,232.16437901817727,251.27625267878483,0.0,128.0,0.5,12.33562098182274
129,bus stop,5.47829,5.47169,1,230.50697617170368,250.17131744780247,0.0,129.0,0.5,13.993023828296312
130,bus stop,5.47829,6.87169,1,228.61778019238207,248.91185346158804,0.0,130.0,0.5,15.88221980761794
131,bus stop,5.47829,8.27169,1,226.56991033257628,247.5466068883842,0.0,131.0,0.5,17.93008966742373
132,bus stop,6.87829,-5.72831,1,228.32308939062318,248.71539292708212,0.0,132.0,0.5,16.176910609376822
133,bus stop,6.87829,-4.32831,1,229.8129828565202,249.70865523768012,0.0,133.0,0.5,14.68701714347981
134,bus stop,6.87829,-2.92831,1,230.9897251105645,250.49315007370967,0.0,134.0,0.5,13.510274889435504
135,bus stop,6.87829,-1.52831,1,231.76620237676548,251.01080158451032,0.0,135.0,0.5,12.73379762323453
136,bus stop,6.87829,1.27169,1,231.8586864420394,251.07245762802629,0.0,136.0,0.5,12.641313557960578
137,bus stop,6.87829,2.67169,1,231.16456072300275,250.60970714866852,0.0,137.0,0.5,13.335439276997235
138,bus stop,6.87829,5.47169,1,228.6158801594641,248.91058677297607,0.0,138.0,0.5,15.884119840535904
139,bus stop,6.87829,6.87169,1,226.92884598932872,247.78589732621916,0.0,139.0,0.5,17.571154010671282
140,bus stop,8.27829,-4.32831,1,227.61770041942603,248.2451336129507,0.0,140.0,0.5,16.882299580573967
141,bus stop,8.27829,-2.92831,1,228.63081305978503,248.92054203985668,0.0,141.0,0.5,15.869186940214979
142,bus stop,8.27829,-1.52831,1,229.2864150028709,249.35761000191394,0.0,142.0,0.5,15.2135849971291
143,bus stop,8.27829,-0.12831,1,229.53743798367427,249.52495865578285,0.0,143.0,0.5,14.962562016325736
144,bus stop,8.27829,1.27169,1,229.36373972785694,249.4091598185713,0.0,144.0,0.5,15.136260272143051
145,bus stop,8.27829,2.67169,1,228.77939227428345,249.0195948495223,0.0,145.0,0.5,15.720607725716544
146,bus stop,8.27829,5.47169,1,226.56654440260093,247.54436293506728,0.0,146.0,0.5,17.93345559739908
147,bus stop,9.67829,-4.32831,1,225.33966010244686,246.7264400682979,0.0,147.0,0.5,19.160339897553133
148,bus stop,9.67829,-2.92831,1,226.22603819624743,247.3173587974983,0.0,148.0,0.5,18.273961803752577
149,bus stop,9.67829,-1.52831,1,226.79238146089685,247.69492097393123,0.0,149.0,0.5,17.707618539103162
150,bus stop,9.67829,-0.12831,1,227.00757741323656,247.8383849421577,0.0,150.0,0.5,17.49242258676345
151,bus stop,9.67829,1.27169,1,226.85877099271215,247.7391806618081,0.0,151.0,0.5,17.641229007287855
152,transit stop,0.0,0.0,1,245.0,260.0,0.0,152.0,0.0,0.0
153,charger,0.0,0.0,0,0.0,0.0,0.83,153.0,0.0,0.0
154,depot,0.0,0.0,0,0.0,265.0,0.0,154.0,0.0,0.0
155,customer,-1.81279,1.8897,1,0.0,0.0,0.0,0.0,0.0,0.0
156,customer,3.70997,-4.61781,1,0.0,0.0,0.0,0.0,0.0,0.0
157,customer,3.62382,7.54425,1,0.0,0.0,0.0,0.0,0.0,0.0
158,customer,6.30553,-5.88623,1,0.0,0.0,0.0,0.0,0.0,0.0
159,customer,4.40831,5.08141,1,0.0,0.0,0.0,0.0,0.0,0.0
160,customer,1.8479,0.31502,1,0.0,0.0,0.0,0.0,0.0,0.0
161,customer,4.23035,5.3604,1,0.0,0.0,0.0,0.0,0.0,0.0
162,customer,-3.52928,5.26072,1,0.0,0.0,0.0,0.0,0.0,0.0
163,customer,6.74107,-4.6161,1,0.0,0.0,0.0,0.0,0.0,0.0
164,customer,-9.19616,2.75589,1,0.0,0.0,0.0,0.0,0.0,0.0
165,customer,-4.80527,-5.90607,1,0.0,0.0,0.0,0.0,0.0,0.0
166,customer,2.83839,-8.3178,1,0.0,0.0,0.0,0.0,0.0,0.0
167,customer,5.13151,2.69688,1,0.0,0.0,0.0,0.0,0.0,0.0
168,customer,6.97028,-3.19927,1,0.0,0.0,0.0,0.0,0.0,0.0
169,customer,3.16953,-2.3718,1,0.0,0.0,0.0,0.0,0.0,0.0
170,customer,-1.77049,-5.73962,1,0.0,0.0,0.0,0.0,0.0,0.0
171,customer,-7.23264,-5.2751,1,0.0,0.0,0.0,0.0,0.0,0.0
172,customer,0.33635,6.59187,1,0.0,0.0,0.0,0.0,0.0,0.0
173,customer,-9.34951,0.50363,1,0.0,0.0,0.0,0.0,0.0,0.0
174,customer,3.26449,4.18084,1,0.0,0.0,0.0,0.0,0.0,0.0
175,customer,-2.94646,1.61503,1,0.0,0.0,0.0,0.0,0.0,0.0
176,customer,2.76479,-6.39169,1,0.0,0.0,0.0,0.0,0.0,0.0
177,customer,-3.06569,0.83167,1,0.0,0.0,0.0,0.0,0.0,0.0
178,customer,2.683,-1.25439,1,0.0,0.0,0.0,0.0,0.0,0.0
179,customer,-3.67467,-2.5173,1,0.0,0.0,0.0,0.0,0.0,0.0
180,customer,-0.92897,8.88821,1,0.0,0.0,0.0,0.0,0.0,0.0
181,customer,-2.41771,-5.02399,1,0.0,0.0,0.0,0.0,0.0,0.0
182,customer,-2.91216,6.41388,1,0.0,0.0,0.0,0.0,0.0,0.0
183,customer,2.40781,8.04173,1,0.0,0.0,0.0,0.0,0.0,0.0
184,customer,7.04157,5.57572,1,0.0,0.0,0.0,0.0,0.0,0.0
185,customer,-4.61346,1.09341,1,0.0,0.0,0.0,0.0,0.0,0.0
186,customer,4.09325,0.49354,1,0.0,0.0,0.0,0.0,0.0,0.0
187,customer,6.98775,1.56899,1,0.0,0.0,0.0,0.0,0.0,0.0
188,customer,0.22295,6.22701,1,0.0,0.0,0.0,0.0,0.0,0.0
189,customer,0.60043,8.30618,1,0.0,0.0,0.0,0.0,0.0,0.0
190,customer,-3.59372,-6.31043,1,0.0,0.0,0.0,0.0,0.0,0.0
191,customer,4.13225,5.30867,1,0.0,0.0,0.0,0.0,0.0,0.0
192,customer,0.39744,-7.26858,1,0.0,0.0,0.0,0.0,0.0,0.0
193,customer,-1.00846,-7.59169,1,0.0,0.0,0.0,0.0,0.0,0.0
194,customer,0.7526,-3.01086,1,0.0,0.0,0.0,0.0,0.0,0.0
195,customer,-1.76283,5.25286,1,0.0,0.0,0.0,0.0,0.0,0.0
196,customer,6.08704,-7.87815,1,0.0,0.0,0.0,0.0,0.0,0.0
197,customer,4.97278,4.55093,1,0.0,0.0,0.0,0.0,0.0,0.0
198,customer,-3.9488,6.02872,1,0.0,0.0,0.0,0.0,0.0,0.0
199,customer,4.3567,8.67109,1,0.0,0.0,0.0,0.0,0.0,0.0
200,customer,5.01937,-2.86625,1,0.0,0.0,0.0,0.0,0.0,0.0
201,customer,0.72047,7.53348,1,0.0,0.0,0.0,0.0,0.0,0.0
202,customer,2.69026,-1.86021,1,0.0,0.0,0.0,0.0,0.0,0.0
203,customer,-2.00539,3.65354,1,0.0,0.0,0.0,0.0,0.0,0.0
204,customer,-4.21555,6.59329,1,0.0,0.0,0.0,0.0,0.0,0.0
205,customer,3.36892,-3.38677,1,0.0,0.0,0.0,0.0,0.0,0.0
206,customer,-9.66165,0.4222,1,0.0,0.0,0.0,0.0,0.0,0.0
207,customer,1.59099,3.95686,1,0.0,0.0,0.0,0.0,0.0,0.0
208,customer,-1.40044,6.48605,1,0.0,0.0,0.0,0.0,0.0,0.0
209,customer,6.50501,1.9472,1,0.0,0.0,0.0,0.0,0.0,0.0
210,customer,-1.7056,-0.25216,1,0.0,0.0,0.0,0.0,0.0,0.0
211,customer,7.43105,2.38662,1,0.0,0.0,0.0,0.0,0.0,0.0
212,customer,-2.16229,3.87911,1,0.0,0.0,0.0,0.0,0.0,0.0
213,customer,7.54829,5.56412,1,0.0,0.0,0.0,0.0,0.0,0.0
214,customer,1.12836,-4.23457,1,0.0,0.0,0.0,0.0,0.0,0.0
215,customer,-3.61625,-8.57947,1,0.0,0.0,0.0,0.0,0.0,0.0
216,customer,-3.73377,-5.80178,1,0.0,0.0,0.0,0.0,0.0,0.0
217,customer,5.2204,-4.67442,1,0.0,0.0,0.0,0.0,0.0,0.0
218,customer,3.81082,1.69617,1,0.0,0.0,0.0,0.0,0.0,0.0
219,customer,1.92512,-0.10982,1,0.0,0.0,0.0,0.0,0.0,0.0
220,customer,5.65732,-0.00949,1,0.0,0.0,0.0,0.0,0.0,0.0
221,customer,-1.16442,4.25107,1,0.0,0.0,0.0,0.0,0.0,0.0
222,customer,-7.86923,-6.11406,1,0.0,0.0,0.0,0.0,0.0,0.0
223,customer,-4.22088,-7.22506,1,0.0,0.0,0.0,0.0,0.0,0.0
224,customer,4.72122,4.41613,1,0.0,0.0,0.0,0.0,0.0,0.0
225,customer,9.78419,0.94689,1,0.0,0.0,0.0,0.0,0.0,0.0
226,customer,-4.70588,-7.65411,1,0.0,0.0,0.0,0.0,0.0,0.0
227,customer,-5.52572,-1.96411,1,0.0,0.0,0.0,0.0,0.0,0.0
228,customer,-8.3131,-3.39453,1,0.0,0.0,0.0,0.0,0.0,0.0
229,customer,5.12663,-1.41296,1,0.0,0.0,0.0,0.0,0.0,0.0
230,customer,1.78734,8.88152,1,0.0,0.0,0.0,0.0,0.0,0.0
231,customer,4.04898,-5.32147,1,0.0,0.0,0.0,0.0,0.0,0.0
232,customer,7.53992,-4.91631,1,0.0,0.0,0.0,0.0,0.0,0.0
233,customer,1.4833,-0.31608,1,0.0,0.0,0.0,0.0,0.0,0.0
234,customer,-6.28179,6.9823,1,0.0,0.0,0.0,0.0,0.0,0.0
235,customer,-2.64918,4.97842,1,0.0,0.0,0.0,0.0,0.0,0.0
236,customer,3.48575,4.9934,1,0.0,0.0,0.0,0.0,0.0,0.0
237,customer,-4.73926,-1.14346,1,0.0,0.0,0.0,0.0,0.0,0.0
238,customer,2.17194,6.2838,1,0.0,0.0,0.0,0.0,0.0,0.0
239,customer,3.02205,7.83988,1,0.0,0.0,0.0,0.0,0.0,0.0
240,customer,-5.41217,-5.1511,1,0.0,0.0,0.0,0.0,0.0,0.0
241,customer,-5.32398,2.49616,1,0.0,0.0,0.0,0.0,0.0,0.0
242,customer,-6.78621,-3.10984,1,0.0,0.0,0.0,0.0,0.0,0.0
243,customer,-0.75383,8.20422,1,0.0,0.0,0.0,0.0,0.0,0.0
244,customer,-6.00406,-0.03129,1,0.0,0.0,0.0,0.0,0.0,0.0
245,customer,3.51716,6.20988,1,0.0,0.0,0.0,0.0,0.0,0.0
246,customer,4.80683,-5.75553,1,0.0,0.0,0.0,0.0,0.0,0.0
247,customer,0.87787,-4.19061,1,0.0,0.0,0.0,0.0,0.0,0.0
248,customer,-1.88739,-9.65977,1,0.0,0.0,0.0,0.0,0.0,0.0
249,customer,-5.22536,-4.07686,1,0.0,0.0,0.0,0.0,0.0,0.0
250,customer,7.57759,1.36932,1,0.0,0.0,0.0,0.0,0.0,0.0
251,customer,-0.10326,-8.11921,1,0.0,0.0,0.0,0.0,0.0,0.0
252,customer,-2.44206,9.49385,1,0.0,0.0,0.0,0.0,0.0,0.0
253,customer,-9.42968,2.35217,1,0.0,0.0,0.0,0.0,0.0,0.0
254,customer,-3.47134,5.96547,1,0.0,0.0,0.0,0.0,0.0,0.0
255,customer,-5.64931,-1.60049,1,0.0,0.0,0.0,0.0,0.0,0.0
256,customer,-7.87508,3.98577,1,0.0,0.0,0.0,0.0,0.0,0.0
257,customer,-7.39826,1.21498,1,0.0,0.0,0.0,0.0,0.0,0.0
258,customer,-9.28103,2.64437,1,0.0,0.0,0.0,0.0,0.0,0.0
259,customer,-2.47853,3.29271,1,0.0,0.0,0.0,0.0,0.0,0.0
260,customer,-8.41275,-5.00894,1,0.0,0.0,0.0,0.0,0.0,0.0
261,customer,5.97563,4.76826,1,0.0,0.0,0.0,0.0,0.0,0.0
262,customer,1.67862,2.98737,1,0.0,0.0,0.0,0.0,0.0,0.0
263,customer,4.0603,-5.72881,1,0.0,0.0,0.0,0.0,0.0,0.0
264,customer,-4.45405,4.68487,1,0.0,0.0,0.0,0.0,0.0,0.0
265,customer,2.58664,1.03881,1,0.0,0.0,0.0,0.0,0.0,0.0
266,customer,-4.28429,-1.63075,1,0.0,0.0,0.0,0.0,0.0,0.0
267,customer,-0.31808,8.40443,1,0.0,0.0,0.0,0.0,0.0,0.0
268,customer,-6.25841,-3.76311,1,0.0,0.0,0.0,0.0,0.0,0.0
269,customer,-3.63881,7.08004,1,0.0,0.0,0.0,0.0,0.0,0.0
270,customer,-8.67636,1.52123,1,0.0,0.0,0.0,0.0,0.0,0.0
271,customer,2.4656,-4.2575,1,0.0,0.0,0.0,0.0,0.0,0.0
272,customer,7.86128,0.65255,1,0.0,0.0,0.0,0.0,0.0,0.0
273,customer,1.4796,-8.45625,1,0.0,0.0,0.0,0.0,0.0,0.0
274,customer,3.82114,-7.61092,1,0.0,0.0,0.0,0.0,0.0,0.0
275,customer,4.86828,0.23935,1,0.0,0.0,0.0,0.0,0.0,0.0
276,customer,9.08914,-3.46163,1,0.0,0.0,0.0,0.0,0.0,0.0
277,customer,-3.87638,-0.84716,1,0.0,0.0,0.0,0.0,0.0,0.0
278,customer,3.89979,3.45668,1,0.0,0.0,0.0,0.0,0.0,0.0
279,customer,-6.03756,-6.5111,1,0.0,0.0,0.0,0.0,0.0,0.0
280,customer,0.77951,-4.48013,1,0.0,0.0,0.0,0.0,0.0,0.0
281,customer,-7.25015,2.94884,1,0.0,0.0,0.0,0.0,0.0,0.0
282,customer,7.80925,5.64593,1,0.0,0.0,0.0,0.0,0.0,0.0
283,customer,8.58122,3.09947,1,0.0,0.0,0.0,0.0,0.0,0.0
284,customer,0.46291,-6.39201,1,0.0,0.0,0.0,0.0,0.0,0.0
285,customer,-8.1874,-1.3231,1,0.0,0.0,0.0,0.0,0.0,0.0
286,customer,-3.05335,2.86948,1,0.0,0.0,0.0,0.0,0.0,0.0
287,customer,-3.79186,0.64437,1,0.0,0.0,0.0,0.0,0.0,0.0
288,customer,5.87536,4.04514,1,0.0,0.0,0.0,0.0,0.0,0.0
289,customer,1.08311,3.83452,1,0.0,0.0,0.0,0.0,0.0,0.0
290,customer,9.00659,-3.54189,1,0.0,0.0,0.0,0.0,0.0,0.0
291,customer,4.62087,-3.91618,1,0.0,0.0,0.0,0.0,0.0,0.0
292,customer,-5.89468,-0.08479,1,0.0,0.0,0.0,0.0,0.0,0.0
293,customer,-1.40382,-5.61036,1,0.0,0.0,0.0,0.0,0.0,0.0
294,customer,5.06703,0.62608,1,0.0,0.0,0.0,0.0,0.0,0.0
295,customer,4.14005,-7.18017,1,0.0,0.0,0.0,0.0,0.0,0.0
296,customer,-2.26603,-2.51276,1,0.0,0.0,0.0,0.0,0.0,0.0
297,customer,0.72087,-8.39717,1,0.0,0.0,0.0,0.0,0.0,0.0
298,customer,5.5024,7.33695,1,0.0,0.0,0.0,0.0,0.0,0.0
299,customer,1.81793,6.06418,1,0.0,0.0,0.0,0.0,0.0,0.0
300,customer,-9.34292,3.30629,1,0.0,0.0,0.0,0.0,0.0,0.0
301,customer,-0.98759,3.33538,1,0.0,0.0,0.0,0.0,0.0,0.0
302,customer,-6.82726,-5.54893,1,0.0,0.0,0.0,0.0,0.0,0.0
303,customer,3.39127,2.61092,1,0.0,0.0,0.0,0.0,0.0,0.0
304,customer,8.03504,-2.35948,1,0.0,0.0,0.0,0.0,0.0,0.0
305,customer,-8.70322,-3.17199,1,0.0,0.0,0.0,0.0,0.0,0.0
306,customer,0.47948,8.73103,1,0.0,0.0,0.0,0.0,0.0,0.0
307,customer,8.13858,1.13381,1,0.0,0.0,0.0,0.0,0.0,0.0
308,customer,5.35825,4.67545,1,0.0,0.0,0.0,0.0,0.0,0.0
309,customer,0.42243,-6.6845,1,0.0,0.0,0.0,0.0,0.0,0.0
310,customer,1.97333,-8.63847,1,0.0,0.0,0.0,0.0,0.0,0.0
311,customer,-2.30464,8.09724,1,0.0,0.0,0.0,0.0,0.0,0.0
312,customer,0.85466,6.46084,1,0.0,0.0,0.0,0.0,0.0,0.0
313,customer,-4.46533,1.71299,1,0.0,0.0,0.0,0.0,0.0,0.0
314,customer,3.98783,-8.40887,1,0.0,0.0,0.0,0.0,0.0,0.0
315,customer,-2.58868,1.39281,1,0.0,0.0,0.0,0.0,0.0,0.0
316,customer,-6.15601,3.83131,1,0.0,0.0,0.0,0.0,0.0,0.0
317,customer,9.84877,0.32474,1,0.0,0.0,0.0,0.0,0.0,0.0
318,customer,-2.9748,1.01238,1,0.0,0.0,0.0,0.0,0.0,0.0
319,customer,-9.02368,1.49099,1,0.0,0.0,0.0,0.0,0.0,0.0
320,customer,-2.80007,8.09614,1,0.0,0.0,0.0,0.0,0.0,0.0
321,customer,-6.0419,-4.32943,1,0.0,0.0,0.0,0.0,0.0,0.0
322,customer,-0.01753,-5.08693,1,0.0,0.0,0.0,0.0,0.0,0.0
323,customer,1.7251,-1.42152,1,0.0,0.0,0.0,0.0,0.0,0.0
324,customer,-3.65025,0.70414,1,0.0,0.0,0.0,0.0,0.0,0.0
325,customer,-4.30504,-8.325,1,0.0,0.0,0.0,0.0,0.0,0.0
326,customer,4.5701,-6.01644,1,0.0,0.0,0.0,0.0,0.0,0.0
327,customer,-2.49652,-3.02738,1,0.0,0.0,0.0,0.0,0.0,0.0
328,customer,0.86702,-6.58542,1,0.0,0.0,0.0,0.0,0.0,0.0
329,customer,7.00476,2.58643,1,0.0,0.0,0.0,0.0,0.0,0.0
330,customer,4.47828,-4.98108,1,0.0,0.0,0.0,0.0,0.0,0.0
331,customer,-1.93892,-3.27277,1,0.0,0.0,0.0,0.0,0.0,0.0
332,customer,-6.2906,-6.03933,1,0.0,0.0,0.0,0.0,0.0,0.0
333,customer,-0.97068,6.85741,1,0.0,0.0,0.0,0.0,0.0,0.0
334,customer,0.25569,-9.21963,1,0.0,0.0,0.0,0.0,0.0,0.0
335,customer,6.69102,5.21363,1,0.0,0.0,0.0,0.0,0.0,0.0
336,customer,-3.3282,-5.97678,1,0.0,0.0,0.0,0.0,0.0,0.0
337,customer,-4.5015,0.90705,1,0.0,0.0,0.0,0.0,0.0,0.0
338,customer,5.85892,-2.39106,1,0.0,0.0,0.0,0.0,0.0,0.0
339,customer,3.31363,-3.237,1,0.0,0.0,0.0,0.0,0.0,0.0
340,customer,8.31687,-1.28914,1,0.0,0.0,0.0,0.0,0.0,0.0
341,customer,3.9783,-5.53731,1,0.0,0.0,0.0,0.0,0.0,0.0
342,customer,-0.2901,-7.19954,1,0.0,0.0,0.0,0.0,0.0,0.0
343,customer,-5.72541,0.22986,1,0.0,0.0,0.0,0.0,0.0,0.0
344,customer,-2.84941,7.42617,1,0.0,0.0,0.0,0.0,0.0,0.0
345,customer,-0.54132,-1.81588,1,0.0,0.0,0.0,0.0,0.0,0.0
346,customer,1.51857,-5.09056,1,0.0,0.0,0.0,0.0,0.0,0.0
347,customer,-3.79572,-6.0354,1,0.0,0.0,0.0,0.0,0.0,0.0
348,customer,4.27269,7.61549,1,0.0,0.0,0.0,0.0,0.0,0.0
349,customer,-2.68315,3.60312,1,0.0,0.0,0.0,0.0,0.0,0.0
350,customer,4.13716,-5.20058,1,0.0,0.0,0.0,0.0,0.0,0.0
351,customer,0.38288,-8.98119,1,0.0,0.0,0.0,0.0,0.0,0.0
352,customer,-7.04725,-4.93152,1,0.0,0.0,0.0,0.0,0.0,0.0
353,customer,-2.78456,0.01299,1,0.0,0.0,0.0,0.0,0.0,0.0
354,customer,-5.19299,0.15171,1,0.0,0.0,0.0,0.0,0.0,0.0
355,customer,-6.69729,-0.50852,1,0.0,0.0,0.0,0.0,0.0,0.0
356,customer,3.26618,-3.92739,1,0.0,0.0,0.0,0.0,0.0,0.0
357,customer,5.80705,-7.79442,1,0.0,0.0,0.0,0.0,0.0,0.0
358,customer,-7.08365,5.70824,1,0.0,0.0,0.0,0.0,0.0,0.0
359,customer,1.49652,-7.23226,1,0.0,0.0,0.0,0.0,0.0,0.0
360,customer,1.52254,8.80638,1,0.0,0.0,0.0,0.0,0.0,0.0
361,customer,-2.59307,-3.19189,1,0.0,0.0,0.0,0.0,0.0,0.0
362,customer,8.29286,-3.53655,1,0.0,0.0,0.0,0.0,0.0,0.0
363,customer,-9.7043,2.29148,1,0.0,0.0,0.0,0.0,0.0,0.0
364,customer,8.71289,-4.34395,1,0.0,0.0,0.0,0.0,0.0,0.0
365,customer,7.7385,-4.85509,1,0.0,0.0,0.0,0.0,0.0,0.0
366,customer,-0.91238,7.63717,1,0.0,0.0,0.0,0.0,0.0,0.0
367,customer,-4.4113,-4.03187,1,0.0,0.0,0.0,0.0,0.0,0.0
368,customer,-2.19847,4.38302,1,0.0,0.0,0.0,0.0,0.0,0.0
369,customer,-9.11258,3.76437,1,0.0,0.0,0.0,0.0,0.0,0.0
370,customer,4.79179,4.93273,1,0.0,0.0,0.0,0.0,0.0,0.0
371,customer,4.60477,-1.23904,1,0.0,0.0,0.0,0.0,0.0,0.0
372,customer,-4.3196,-5.15059,1,0.0,0.0,0.0,0.0,0.0,0.0
373,customer,-0.97289,6.04313,1,0.0,0.0,0.0,0.0,0.0,0.0
374,customer,7.66936,-1.8452,1,0.0,0.0,0.0,0.0,0.0,0.0
375,customer,-5.43464,2.46851,1,0.0,0.0,0.0,0.0,0.0,0.0
376,customer,-4.50425,6.53761,1,0.0,0.0,0.0,0.0,0.0,0.0
377,customer,-1.03471,-5.93601,1,0.0,0.0,0.0,0.0,0.0,0.0
378,customer,-5.22501,2.57998,1,0.0,0.0,0.0,0.0,0.0,0.0
379,customer,1.54045,8.38379,1,0.0,0.0,0.0,0.0,0.0,0.0
380,customer,-3.49463,7.70988,1,0.0,0.0,0.0,0.0,0.0,0.0
381,customer,-0.6049,-9.48008,1,0.0,0.0,0.0,0.0,0.0,0.0
382,customer,1.08867,-3.18226,1,0.0,0.0,0.0,0.0,0.0,0.0
383,customer,-4.22786,8.02523,1,0.0,0.0,0.0,0.0,0.0,0.0
384,customer,0.12868,-3.46282,1,0.0,0.0,0.0,0.0,0.0,0.0
385,customer,-3.55854,3.79158,1,0.0,0.0,0.0,0.0,0.0,0.0
386,customer,-6.48612,-6.98667,1,0.0,0.0,0.0,0.0,0.0,0.0
387,customer,-5.26462,-7.44384,1,0.0,0.0,0.0,0.0,0.0,0.0
388,customer,7.00186,5.19704,1,0.0,0.0,0.0,0.0,0.0,0.0
389,customer,3.15993,0.53229,1,0.0,0.0,0.0,0.0,0.0,0.0
390,customer,-3.24804,-8.36009,1,0.0,0.0,0.0,0.0,0.0,0.0
391,customer,2.81155,8.2418,1,0.0,0.0,0.0,0.0,0.0,0.0
392,customer,-1.82564,3.63539,1,0.0,0.0,0.0,0.0,0.0,0.0
393,customer,-2.67974,-5.47839,1,0.0,0.0,0.0,0.0,0.0,0.0
394,customer,-6.31823,4.80241,1,0.0,0.0,0.0,0.0,0.0,0.0
395,customer,4.37948,-7.04388,1,0.0,0.0,0.0,0.0,0.0,0.0
396,customer,-6.41126,7.00332,1,0.0,0.0,0.0,0.0,0.0,0.0
397,customer,-2.81016,-1.51027,1,0.0,0.0,0.0,0.0,0.0,0.0
398,customer,9.02286,-3.00687,1,0.0,0.0,0.0,0.0,0.0,0.0
399,customer,-1.17453,2.96439,1,0.0,0.0,0.0,0.0,0.0,0.0
400,customer,9.08234,-1.4603,1,0.0,0.0,0.0,0.0,0.0,0.0
401,customer,0.14908,-7.25483,1,0.0,0.0,0.0,0.0,0.0,0.0
402,customer,0.38113,5.39985,1,0.0,0.0,0.0,0.0,0.0,0.0
403,customer,-5.05589,-5.49684,1,0.0,0.0,0.0,0.0,0.0,0.0
404,customer,7.21694,6.44994,1,0.0,0.0,0.0,0.0,0.0,0.0
405,dummy charger,0.0,0.0,0,0.0,0.0,0.83,153.0,0.0,0.0
406,dummy charger,0.0,0.0,0,0.0,0.0,0.83,153.0,0.0,0.0
407,dummy charger,0.0,0.0,0,0.0,0.0,0.83,153.0,0.0,0.0
